Moscamye,True,reddit.com/r/TheConfluence/comments/jv84b6/lets_share_some_music_whats_the_most_unique_track/,0.39929615718623
Theklawnumber2,True,reddit.com/r/TheConfluence/comments/jqme0y/a_question_for_anybody_who_can_answer_what/,8.136472083112157
Nimbleseaurchin,True,reddit.com/r/TheConfluence/comments/jtedtu/friday_media_meeting_november_13th/,3.812617916445489
thefifthangel141,True,reddit.com/r/TheConfluence/comments/jvg2l2/anyone_here_down_for_a_gaming_session_some_time/,0.29808087940845224
Archy99,True,reddit.com/r/TheConfluence/comments/juex7t/social_media_bad/,2.012860972001045
JebSenrab,True,reddit.com/r/TheConfluence/comments/jv84b6/lets_share_some_music_whats_the_most_unique_track/,0.5197822682973411
Almighty_Elephant,True,reddit.com/r/TheConfluence/comments/jv84b6/lets_share_some_music_whats_the_most_unique_track/,0.35289569422326705
DirtyDoucher1991,True,reddit.com/r/TheConfluence/comments/jvg2l2/anyone_here_down_for_a_gaming_session_some_time/,0.3168308794084522
saraena,True,reddit.com/r/TheConfluence/comments/juex7t/social_media_bad/,2.083856342371415
pastdivision,True,reddit.com/r/TheConfluence/comments/ju49dy/thats_how_i_feel_anyways/,2.5514257868158596
Mutating_Mammal,True,reddit.com/r/TheConfluence/comments/jsyn2k/today_was_a_good_day/,4.514816990519563
pumpkinpatch6,True,reddit.com/r/TheConfluence/comments/jung47/a_rather_early_christmas_present_i_picked_up_for/,1.425511434964008
sargon76,True,reddit.com/r/TheConfluence/comments/jtl9py/do_any_of_you_work_in_it_how_about_truck_drivers/,3.4640646757047486
roadkillchef_1,True,reddit.com/r/TheConfluence/comments/ju49dy/thats_how_i_feel_anyways/,2.2837637497788226
yourownmomv2,True,reddit.com/r/TheConfluence/comments/juex7t/social_media_bad/,1.0966572682973412
Netherpizza,True,reddit.com/r/TheConfluence/comments/ju49dy/thats_how_i_feel_anyways/,2.3680808794084522
CaptainN_GameMaster,True,reddit.com/r/TheConfluence/comments/jteq56/i_just_broke_up_with_my_boyfriend/,3.6148632868158597
A_RandomcHild,False,,0
Naima22,True,reddit.com/r/TheConfluence/comments/jteq56/i_just_broke_up_with_my_boyfriend/,3.2631271757047484
Cowgirl_dandy12,True,reddit.com/r/TheConfluence/comments/jud57d/got_engaged_today_yes_thats_my_dog_in_the/,1.5064952312603042
MidnightJ1200,True,reddit.com/r/TheConfluence/comments/jung47/a_rather_early_christmas_present_i_picked_up_for/,1.5957660645936373
CrixusDaGaul,True,reddit.com/r/TheConfluence/comments/jud57d/got_engaged_today_yes_thats_my_dog_in_the/,1.0815646757047486
wehooper4,True,reddit.com/r/TheConfluence/comments/jvayxo/havent_been_getting_anything_done_lately_if_at/,0.2943887497788226
PANCHOSforFREE,True,reddit.com/r/TheConfluence/comments/juex7t/social_media_bad/,2.104793842371415
Cit_63,True,reddit.com/r/TheConfluence/comments/jt2803/progress_update_you_can_now_see_the_flair_graph/,4.337606342371415
PlasmaStark,True,reddit.com/r/TheConfluence/comments/jtieds/followup_to_my_wacky_graphs_post_for_the_easiest/,2.8531618979269706
Timo6506,True,reddit.com/r/TheConfluence/comments/jung47/a_rather_early_christmas_present_i_picked_up_for/,0.8321896757047486
WelcomeMarrow37,True,reddit.com/r/TheConfluence/comments/jteq56/i_just_broke_up_with_my_boyfriend/,3.7103262497788227
LooseUpstairs,True,reddit.com/r/TheConfluence/comments/jvayxo/havent_been_getting_anything_done_lately_if_at/,0.5044813423714152
MisterVaridoianis,True,reddit.com/r/TheConfluence/comments/jvayxo/havent_been_getting_anything_done_lately_if_at/,0.31143736088993373
fireamoe,True,reddit.com/r/TheConfluence/comments/jriz14/a_change_to_protocol_with_regards_to_the_runs/,6.708682731260304
HVStalinov,True,reddit.com/r/TheConfluence/comments/jrs0wf/life_is_soup_i_am_fork/,5.6111132868158595
elitist_ferret,False,,0
mineyoursmine,True,reddit.com/r/TheConfluence/comments/jriz14/a_change_to_protocol_with_regards_to_the_runs/,6.746020694223267
BradBradley1,True,reddit.com/r/TheConfluence/comments/jriz14/a_change_to_protocol_with_regards_to_the_runs/,6.683069305334378
SunshineOnUsAgain,True,reddit.com/r/TheConfluence/comments/jurl3d/little_robin/,1.4293308794084523
Kanexan,True,reddit.com/r/TheConfluence/comments/jud57d/got_engaged_today_yes_thats_my_dog_in_the/,2.169469768297341
patrickc4,True,reddit.com/r/TheConfluence/comments/jurl3d/little_robin/,1.2945044905195633
superbcount,True,reddit.com/r/TheConfluence/comments/jvayxo/havent_been_getting_anything_done_lately_if_at/,0.48460865718623003
Dizzzyyyy,True,reddit.com/r/TheConfluence/comments/jv84b6/lets_share_some_music_whats_the_most_unique_track/,0.4062174534825263
jensen88058,True,reddit.com/r/TheConfluence/comments/ju49dy/thats_how_i_feel_anyways/,1.4769929164454894
Or-Your-Money-Back,True,reddit.com/r/TheConfluence/comments/ju4alx/made_my_fridge_into_a_snowman_with_my_parents/,2.561680416445489
simcoecitra,True,reddit.com/r/TheConfluence/comments/jt4ocl/cats_are_cute_but_so_is_my_little_dog_who_is_cat/,4.121900323852897
Tim19678,True,reddit.com/r/TheConfluence/comments/jubc0j/my_younger_sister_got_a_polaroid_for_her_birthday/,2.2703609720010447
Aurallius,True,reddit.com/r/TheConfluence/comments/jve7ob/47/,0.39012949051956336
manchegan,True,reddit.com/r/TheConfluence/comments/jteq56/i_just_broke_up_with_my_boyfriend/,3.5873285645936375
ardycake,True,reddit.com/r/TheConfluence/comments/ju0398/end_of_unus_annus/,2.791911897926971
DoubleWamBam,True,reddit.com/r/TheConfluence/comments/jqxtc0/i_dont_know_what_to_post_as_i_was_randomly_added/,6.964284583112156
XxswifterxX,True,reddit.com/r/TheConfluence/comments/jutf21/how_large_can_bacteria_get_uh_dont_mind_the/,1.190985972001045
fixer007,True,reddit.com/r/TheConfluence/comments/jvayxo/havent_been_getting_anything_done_lately_if_at/,0.17632162014919298
SpunkyPajogi,True,reddit.com/r/TheConfluence/comments/jvg2l2/anyone_here_down_for_a_gaming_session_some_time/,0.32383319422326706
UntouchedSack,True,reddit.com/r/TheConfluence/comments/jvmfjs/my_ancient_dice_set_for_dnd_tried_to_get_each/,0.05532624977882262
slicecakes,True,reddit.com/r/TheConfluence/comments/js4wvq/mugged/,5.2123517127417855
The_Maggot_Guy,True,reddit.com/r/TheConfluence/comments/jvis9p/my_little_sisters_fursona/,0.15661097200104485
Xanta_Kross,True,reddit.com/r/TheConfluence/comments/jt2803/progress_update_you_can_now_see_the_flair_graph/,3.8539026386677113
TK_Sleepytime,True,reddit.com/r/TheConfluence/comments/jv84b6/lets_share_some_music_whats_the_most_unique_track/,0.3342614349640078
BrinaSour,True,reddit.com/r/TheConfluence/comments/jvis9p/my_little_sisters_fursona/,0.21768736088993373
sorasfishing,True,reddit.com/r/TheConfluence/comments/jud57d/got_engaged_today_yes_thats_my_dog_in_the/,0.20958550903808187
DrMcMeow,True,reddit.com/r/TheConfluence/comments/jv84b6/lets_share_some_music_whats_the_most_unique_track/,0.530372546075119
ChemoDrugs,True,reddit.com/r/TheConfluence/comments/jvayxo/havent_been_getting_anything_done_lately_if_at/,0.46965495348252634
Ryoteck,True,reddit.com/r/TheConfluence/comments/jriz14/a_change_to_protocol_with_regards_to_the_runs/,6.57804615718623
Zokalyx,True,reddit.com/r/TheConfluence/comments/jv84b6/lets_share_some_music_whats_the_most_unique_track/,0.6114373608899337
HyperNathan,True,reddit.com/r/TheConfluence/comments/jud57d/got_engaged_today_yes_thats_my_dog_in_the/,1.9725484720010449
OniExpress,True,reddit.com/r/TheConfluence/comments/ju49dy/thats_how_i_feel_anyways/,2.5326873608899336
Reaperosha,True,reddit.com/r/TheConfluence/comments/jtyo2u/beautiful_antique_damascus_steel_boot_knife_i/,2.7853031016306744
sev7en25077,False,,0
bennidictboi,False,,0
hairysonorth,True,reddit.com/r/TheConfluence/comments/jud57d/got_engaged_today_yes_thats_my_dog_in_the/,2.051333194223267
yehyehyehyehyehyeh,True,reddit.com/r/TheConfluence/comments/jutf21/how_large_can_bacteria_get_uh_dont_mind_the/,1.3603956942232671
LLS86,True,reddit.com/r/TheConfluence/comments/jv84b6/lets_share_some_music_whats_the_most_unique_track/,0.5597128238528967
Grognak_the_Orc,True,reddit.com/r/TheConfluence/comments/ju49dy/thats_how_i_feel_anyways/,2.5336480090380817
Bamboozaler_,True,reddit.com/r/TheConfluence/comments/juw6pm/do_you_hate_someone_like_really_hate_them_hide_a/,1.0844350460751189
Aldroe,True,reddit.com/r/TheConfluence/comments/ju1co4/covid_update_it_got_worse/,2.7078031016306743
Woogabuttz,True,reddit.com/r/TheConfluence/comments/jt4ocl/cats_are_cute_but_so_is_my_little_dog_who_is_cat/,4.303659583112156
jackjwm,True,reddit.com/r/TheConfluence/comments/ju49dy/thats_how_i_feel_anyways/,2.2363679164454893
RandomChurn,False,,0
SkullDaisyGimp,True,reddit.com/r/TheConfluence/comments/jtjbd4/im_in_class_and_she_just_jumps_on_me_and_gives_me/,3.1253378238528966
Valrose77,True,reddit.com/r/TheConfluence/comments/ju6mtm/ellie_is_a_skilled_backgammon_player/,2.3676410645936374
Babypluto1776,False,,0
xtrasmal,True,reddit.com/r/TheConfluence/comments/jno7yp/america_once_again_giving_me_intense_anxiety_i/,12.809516064593637
surfaholic15,True,reddit.com/r/TheConfluence/comments/jvayxo/havent_been_getting_anything_done_lately_if_at/,0.3153725460751189
Leafar_lol,False,,0
Eat_yo_rice24,False,,0
notbob1959,False,,0
ThatOneGuy420_,False,,0
fafa5125315,False,,0
srs4517,False,,0
DontSayNoToPills,False,,0
nice_toes,False,,0
ROOTCatZ,False,,0
Captainirishy,False,,0
senorvisa,False,,0
Undoubtedness,False,,0
WendysVapenator,False,,0
Kala_64,True,reddit.com/r/TheConfluence/comments/jrs0wf/life_is_soup_i_am_fork/,6.411043842371416
Gastronomicus,True,reddit.com/r/TheConfluence/comments/jnwor7/so_its_a_day_after_the_elections/,12.129226712741785
botulidze,False,,0
cclan2,True,reddit.com/r/TheConfluence/comments/jmue2b/im_98/,14.421691990519564
guts_theimmortal,False,,0
Any-Wonder9642,True,reddit.com/r/TheConfluence/comments/jnpaw5/music/,13.089967453482526
CheapEater101,False,,0
YobaFett,False,,0
wwj,False,,0
stmwhittemore,False,,0
Ireallylikerediit,False,,0
pimpinassorlando,False,,0
kkushagra,False,,0
bolerobangle,False,,0
astroturd312,False,,0
JobahGaming,False,,0
BigHomieTrapLord69,False,,0
ZombieButch,False,,0
fruity_patootie_,False,,0
williaint11111111111,False,,0
MarcoZeydan,False,,0
ThePrussianGrippe,False,,0
tw6108,False,,0
AlternativeBoss9201,False,,0
sheilagirlfriend,True,reddit.com/r/TheConfluence/comments/jnf28k/its_us_election_day/,13.174539212741786
JRES1996,False,,0
iAmNickJames,False,,0
Clint28,True,reddit.com/r/TheConfluence/comments/jr0tim/what_do_you_want_for_christmas/,7.27210865718623
feedmeliver,False,,0
Mannion324,False,,0
SELAYNAX,False,,0
skylarmt,True,reddit.com/r/TheConfluence/comments/jmm3en/please_welcome_ishotagrapefruit7_back_into_the/,14.650580879408452
itz_fixcom,False,,0
yatlantis504,False,,0
gran_aut1smo,True,reddit.com/r/TheConfluence/comments/jmue2b/im_98/,14.33449291644549
Sufficient_Cup_4960,False,,0
leeta0028,False,,0
Lithium187,False,,0
EMB1981,False,,0
ClockTate72,False,,0
Magizavr,False,,0
lookarthispost,False,,0
SlyKimba,False,,0
Xytak,False,,0
angelsplantbabies,False,,0
oceanbeachmaven,False,,0
Chick-P3a,False,,0
hamasfrontdesk,False,,0
Windtalkers76,False,,0
yfunk3,True,reddit.com/r/TheConfluence/comments/jt4ocl/cats_are_cute_but_so_is_my_little_dog_who_is_cat/,4.049597083112156
SnooBeans1920,False,,0
ricktor67,False,,0
Vip_larry,False,,0
sdillon23,False,,0
Sirloinofbeef610,False,,0
Moonsoon9000,False,,0
PatrikFifaGamingSK,False,,0
realllgloooo98,False,,0
Spin_Table22,False,,0
Sakuja,False,,0
thenightgaunt,False,,0
Dinklemcfinkle,False,,0
inunoz28,False,,0
KittenBuns1,False,,0
WillCampbell23,False,,0
BrandonUzumaki,False,,0
IShotAGrapefruit7,True,reddit.com/r/TheConfluence/comments/jud57d/got_engaged_today_yes_thats_my_dog_in_the/,2.1804882868158595
ElbowDeepInAFeline,True,reddit.com/r/TheConfluence/comments/jud57d/got_engaged_today_yes_thats_my_dog_in_the/,2.1892267127417857
